{"initial_reset_timestamp": 1603983632.4786692, "timestamps": [1603983634.1681428], "episode_lengths": [23], "episode_rewards": [23.0], "episode_types": ["t"]}